File1,13pk_ADP.pdb.pdb:,1am1_ADP.pdb.pdb:,1amw_ADP.pdb.pdb:,1ao0_ADP.pdb.pdb:,1atr_ADP.pdb.pdb:,1ats_ADP.pdb.pdb:,1b62_ADP.pdb.pdb:,1b6s_ADP.pdb.pdb:,1b7t_ADP.pdb.pdb:,1ba0_ADP.pdb.pdb:,1ba1_ADP.pdb.pdb:,1bg0_ADP.pdb.pdb:,1qcq_ADP.pdb.pdb:,1svt_ADP.pdb.pdb:,2c39_ADP.pdb.pdb:,2x86_ADP.pdb.pdb:,4xwo_ADP.pdb.pdb:,7ole_ADP.pdb.pdb:
13pk_ADP.pdb.pdb,0.0,0.0,0.0,73.28,0.0,0.0,0.0,0.0,0.0,0.0,0.0,0.0,74.14,74.03999999999999,71.92,68.95,0.0,0.0
1am1_ADP.pdb.pdb,64.07,0.0,99.94,73.89,0.0,0.0,0.0,72.16,0.0,77.68,0.0,0.0,55.22,55.3,70.37,73.22,78.84,0.0
1amw_ADP.pdb.pdb,64.06,0.0,0.0,73.89,0.0,0.0,0.0,72.16,0.0,77.68,0.0,0.0,55.22,55.3,70.37,73.21000000000001,0.0,0.0
1ao0_ADP.pdb.pdb,0.0,0.0,0.0,0.0,0.0,0.0,0.0,0.0,0.0,0.0,0.0,0.0,71.67,71.76,0.0,0.0,0.0,0.0
1atr_ADP.pdb.pdb,78.95,75.28,75.28,68.49,0.0,99.52,0.0,67.84,68.43,99.54,99.62,65.82,73.35,73.35,70.96000000000001,75.43,74.43,0.0
1ats_ADP.pdb.pdb,78.98,68.06,68.07,68.5,0.0,0.0,0.0,67.3,68.51,99.52,99.55,65.85,73.37,73.37,69.69,75.69,74.44,0.0
1b62_ADP.pdb.pdb,0.0,0.0,0.0,0.0,0.0,0.0,0.0,0.0,0.0,0.0,0.0,0.0,0.0,0.0,0.0,0.0,0.0,0.0
1b6s_ADP.pdb.pdb,72.83,0.0,0.0,62.01,0.0,0.0,0.0,0.0,0.0,68.22,0.0,0.0,54.38,54.4,70.25,66.27000000000001,0.0,0.0
1b7t_ADP.pdb.pdb,70.3,54.84,54.78,35.0,0.0,0.0,0.0,42.1,0.0,68.68,68.26,0.0,56.52,56.64,49.59,76.41,58.68,0.0
1ba0_ADP.pdb.pdb,78.96000000000001,0.0,0.0,69.3,0.0,0.0,0.0,0.0,0.0,0.0,0.0,0.0,73.21000000000001,73.23,70.37,75.94,0.0,0.0
1ba1_ADP.pdb.pdb,78.74,77.66,77.66,69.24,0.0,0.0,0.0,68.09,0.0,99.67,0.0,0.0,73.22,73.24,70.66,76.23,74.47,0.0
1bg0_ADP.pdb.pdb,68.14,72.7,72.69,76.23,0.0,0.0,0.0,69.82,65.99000000000001,66.02000000000001,65.95,0.0,56.1,56.12,67.78999999999999,76.9,67.45,0.0
1svt_ADP.pdb.pdb,0.0,0.0,0.0,0.0,0.0,0.0,0.0,0.0,0.0,0.0,0.0,0.0,99.51,0.0,0.0,0.0,0.0,0.0
2bef_ADP.pdb.pdb,50.53,86.31,85.72,54.05,72.39,72.39,0.0,64.12,52.28,73.87,72.61,70.39,70.57,70.46000000000001,68.91,76.77,79.88,69.8
2c39_ADP.pdb.pdb,0.0,0.0,0.0,79.46000000000001,0.0,0.0,0.0,0.0,0.0,0.0,0.0,0.0,66.11,66.13,0.0,74.77,0.0,0.0
2x86_ADP.pdb.pdb,0.0,0.0,0.0,78.6,0.0,0.0,0.0,0.0,0.0,0.0,0.0,0.0,75.35,75.42,0.0,0.0,0.0,0.0
4xwo_ADP.pdb.pdb,78.13,0.0,78.83,64.88,0.0,0.0,0.0,59.31,0.0,74.51,0.0,0.0,59.74,59.72,68.1,79.34,0.0,0.0
7ole_ADP.pdb.pdb,48.94,59.43,59.45,59.48,76.19,53.21,0.0,55.85,72.89,75.84,76.2,57.96,65.02000000000001,64.92,72.9,62.1,61.35,0.0
